library,nid,count,games
libSceAgcDriver,k0E7vkgqAuE,11,Afterimage-PPSA14053-EUR-Game-v01.000-PS5;Asterigos.Curse.of.The.Stars-PPSA08194-EUR-Game-v1.004.001-PS5;Dusk_Diver_2_01.000_PPSA06565;Hello.Neighbor.2-PPSA07426-EUR-Game-v01.000-PS5;Neko.Rescue.Tale-PPSA13871-EUR-Game__v01.000_-PS5;Octopath.Traveler.II-PPSA09809-EUR-Game-v01.000-PS5;PPSA02100_-__Stray;PPSA02787-app0;PPSA07653-app0;PPSA13356-app;The_Pathless_PS5_Dump_v2.000
libSceNpGameIntent,k0E7vkgqAuE,11,Afterimage-PPSA14053-EUR-Game-v01.000-PS5;Asterigos.Curse.of.The.Stars-PPSA08194-EUR-Game-v1.004.001-PS5;Dusk_Diver_2_01.000_PPSA06565;Hello.Neighbor.2-PPSA07426-EUR-Game-v01.000-PS5;Neko.Rescue.Tale-PPSA13871-EUR-Game__v01.000_-PS5;Octopath.Traveler.II-PPSA09809-EUR-Game-v01.000-PS5;PPSA02100_-__Stray;PPSA02787-app0;PPSA07653-app0;PPSA13356-app;The_Pathless_PS5_Dump_v2.000
libScePad,k0E7vkgqAuE,11,Afterimage-PPSA14053-EUR-Game-v01.000-PS5;Asterigos.Curse.of.The.Stars-PPSA08194-EUR-Game-v1.004.001-PS5;Dusk_Diver_2_01.000_PPSA06565;Hello.Neighbor.2-PPSA07426-EUR-Game-v01.000-PS5;Neko.Rescue.Tale-PPSA13871-EUR-Game__v01.000_-PS5;Octopath.Traveler.II-PPSA09809-EUR-Game-v01.000-PS5;PPSA02100_-__Stray;PPSA02787-app0;PPSA07653-app0;PPSA13356-app;The_Pathless_PS5_Dump_v2.000
Il2CppUserAssemblies,dZGYu5wObJs,7,Blue.Prince-PPSA25009-EUR-Game-_v01.008___APR-EMU_-PS5;Cat-Quest-III-PPSA15065-app;Juicy.Realm-PPSA19268-USA-Game__v01.000_-PS5;Metal.Slug.Tactics-PPSA20643-EUR-Game__v02.000_-PS5;Neva-PPSA16786-EUR-Game__v01.007_-PS5;Plumbers_DWT_PPSA17949-EUR-Game-v01.00-PS5;Totally.Reliable.Delivery.Service-PPSA28855-EUR-Game__v01.001_-PS5
Il2cppUserAssemblies,dZGYu5wObJs,7,Blue.Prince-PPSA25009-EUR-Game-_v01.008___APR-EMU_-PS5;Cat-Quest-III-PPSA15065-app;Juicy.Realm-PPSA19268-USA-Game__v01.000_-PS5;Metal.Slug.Tactics-PPSA20643-EUR-Game__v02.000_-PS5;Neva-PPSA16786-EUR-Game__v01.007_-PS5;Plumbers_DWT_PPSA17949-EUR-Game-v01.00-PS5;Totally.Reliable.Delivery.Service-PPSA28855-EUR-Game__v01.001_-PS5
Il2CppUserAssemblies,zlqfTyrQSPk,7,Blue.Prince-PPSA25009-EUR-Game-_v01.008___APR-EMU_-PS5;Cat-Quest-III-PPSA15065-app;Juicy.Realm-PPSA19268-USA-Game__v01.000_-PS5;Metal.Slug.Tactics-PPSA20643-EUR-Game__v02.000_-PS5;Neva-PPSA16786-EUR-Game__v01.007_-PS5;Plumbers_DWT_PPSA17949-EUR-Game-v01.00-PS5;Totally.Reliable.Delivery.Service-PPSA28855-EUR-Game__v01.001_-PS5
Il2cppUserAssemblies,zlqfTyrQSPk,7,Blue.Prince-PPSA25009-EUR-Game-_v01.008___APR-EMU_-PS5;Cat-Quest-III-PPSA15065-app;Juicy.Realm-PPSA19268-USA-Game__v01.000_-PS5;Metal.Slug.Tactics-PPSA20643-EUR-Game__v02.000_-PS5;Neva-PPSA16786-EUR-Game__v01.007_-PS5;Plumbers_DWT_PPSA17949-EUR-Game-v01.00-PS5;Totally.Reliable.Delivery.Service-PPSA28855-EUR-Game__v01.001_-PS5
libSceAgcDriver,JfoCWM1F50Q,4,Afterimage-PPSA14053-EUR-Game-v01.000-PS5;Asterigos.Curse.of.The.Stars-PPSA08194-EUR-Game-v1.004.001-PS5;Bugsnax_PS5_Dump_v2.000;Dusk_Diver_2_01.000_PPSA06565
libfmodstudio,JfoCWM1F50Q,4,Afterimage-PPSA14053-EUR-Game-v01.000-PS5;Asterigos.Curse.of.The.Stars-PPSA08194-EUR-Game-v1.004.001-PS5;Bugsnax_PS5_Dump_v2.000;Dusk_Diver_2_01.000_PPSA06565
libSceAgcDriver,ZlyXxXkCaq8,4,Afterimage-PPSA14053-EUR-Game-v01.000-PS5;Asterigos.Curse.of.The.Stars-PPSA08194-EUR-Game-v1.004.001-PS5;Bugsnax_PS5_Dump_v2.000;Dusk_Diver_2_01.000_PPSA06565
libfmodstudio,ZlyXxXkCaq8,4,Afterimage-PPSA14053-EUR-Game-v01.000-PS5;Asterigos.Curse.of.The.Stars-PPSA08194-EUR-Game-v1.004.001-PS5;Bugsnax_PS5_Dump_v2.000;Dusk_Diver_2_01.000_PPSA06565
libSceAgcDriver,kuUyampLEsU,4,Afterimage-PPSA14053-EUR-Game-v01.000-PS5;Asterigos.Curse.of.The.Stars-PPSA08194-EUR-Game-v1.004.001-PS5;Bugsnax_PS5_Dump_v2.000;Dusk_Diver_2_01.000_PPSA06565
libfmodstudio,kuUyampLEsU,4,Afterimage-PPSA14053-EUR-Game-v01.000-PS5;Asterigos.Curse.of.The.Stars-PPSA08194-EUR-Game-v1.004.001-PS5;Bugsnax_PS5_Dump_v2.000;Dusk_Diver_2_01.000_PPSA06565
libSceAgcDriver,+V2QcIcvWpw,4,Afterimage-PPSA14053-EUR-Game-v01.000-PS5;Asterigos.Curse.of.The.Stars-PPSA08194-EUR-Game-v1.004.001-PS5;Bugsnax_PS5_Dump_v2.000;Dusk_Diver_2_01.000_PPSA06565
libfmodstudio,+V2QcIcvWpw,4,Afterimage-PPSA14053-EUR-Game-v01.000-PS5;Asterigos.Curse.of.The.Stars-PPSA08194-EUR-Game-v1.004.001-PS5;Bugsnax_PS5_Dump_v2.000;Dusk_Diver_2_01.000_PPSA06565
libSceAgcDriver,7hd4bRJuLMg,4,Afterimage-PPSA14053-EUR-Game-v01.000-PS5;Asterigos.Curse.of.The.Stars-PPSA08194-EUR-Game-v1.004.001-PS5;Bugsnax_PS5_Dump_v2.000;Dusk_Diver_2_01.000_PPSA06565
libfmodstudio,7hd4bRJuLMg,4,Afterimage-PPSA14053-EUR-Game-v01.000-PS5;Asterigos.Curse.of.The.Stars-PPSA08194-EUR-Game-v1.004.001-PS5;Bugsnax_PS5_Dump_v2.000;Dusk_Diver_2_01.000_PPSA06565
libSceAgcDriver,iILsKSo5Syg,4,Afterimage-PPSA14053-EUR-Game-v01.000-PS5;Asterigos.Curse.of.The.Stars-PPSA08194-EUR-Game-v1.004.001-PS5;Bugsnax_PS5_Dump_v2.000;Dusk_Diver_2_01.000_PPSA06565
libfmodstudio,iILsKSo5Syg,4,Afterimage-PPSA14053-EUR-Game-v01.000-PS5;Asterigos.Curse.of.The.Stars-PPSA08194-EUR-Game-v1.004.001-PS5;Bugsnax_PS5_Dump_v2.000;Dusk_Diver_2_01.000_PPSA06565
libSceAgcDriver,VdQjbIsdhXQ,4,Afterimage-PPSA14053-EUR-Game-v01.000-PS5;Asterigos.Curse.of.The.Stars-PPSA08194-EUR-Game-v1.004.001-PS5;Bugsnax_PS5_Dump_v2.000;Dusk_Diver_2_01.000_PPSA06565
libfmodstudio,VdQjbIsdhXQ,4,Afterimage-PPSA14053-EUR-Game-v01.000-PS5;Asterigos.Curse.of.The.Stars-PPSA08194-EUR-Game-v1.004.001-PS5;Bugsnax_PS5_Dump_v2.000;Dusk_Diver_2_01.000_PPSA06565
libSceAgcDriver,alleMuKEWr8,4,Afterimage-PPSA14053-EUR-Game-v01.000-PS5;Asterigos.Curse.of.The.Stars-PPSA08194-EUR-Game-v1.004.001-PS5;Bugsnax_PS5_Dump_v2.000;Dusk_Diver_2_01.000_PPSA06565
libfmodstudio,alleMuKEWr8,4,Afterimage-PPSA14053-EUR-Game-v01.000-PS5;Asterigos.Curse.of.The.Stars-PPSA08194-EUR-Game-v1.004.001-PS5;Bugsnax_PS5_Dump_v2.000;Dusk_Diver_2_01.000_PPSA06565
libSceAgcDriver,LILXByiyFiQ,4,Afterimage-PPSA14053-EUR-Game-v01.000-PS5;Asterigos.Curse.of.The.Stars-PPSA08194-EUR-Game-v1.004.001-PS5;Bugsnax_PS5_Dump_v2.000;Dusk_Diver_2_01.000_PPSA06565
libfmodstudio,LILXByiyFiQ,4,Afterimage-PPSA14053-EUR-Game-v01.000-PS5;Asterigos.Curse.of.The.Stars-PPSA08194-EUR-Game-v1.004.001-PS5;Bugsnax_PS5_Dump_v2.000;Dusk_Diver_2_01.000_PPSA06565
libSceAgcDriver,cju7jJ-abPQ,4,Afterimage-PPSA14053-EUR-Game-v01.000-PS5;Asterigos.Curse.of.The.Stars-PPSA08194-EUR-Game-v1.004.001-PS5;Bugsnax_PS5_Dump_v2.000;Dusk_Diver_2_01.000_PPSA06565
libfmodstudio,cju7jJ-abPQ,4,Afterimage-PPSA14053-EUR-Game-v01.000-PS5;Asterigos.Curse.of.The.Stars-PPSA08194-EUR-Game-v1.004.001-PS5;Bugsnax_PS5_Dump_v2.000;Dusk_Diver_2_01.000_PPSA06565
libSceAgcDriver,Ka06Z1LiRps,4,Afterimage-PPSA14053-EUR-Game-v01.000-PS5;Asterigos.Curse.of.The.Stars-PPSA08194-EUR-Game-v1.004.001-PS5;Bugsnax_PS5_Dump_v2.000;Dusk_Diver_2_01.000_PPSA06565
libfmodstudio,Ka06Z1LiRps,4,Afterimage-PPSA14053-EUR-Game-v01.000-PS5;Asterigos.Curse.of.The.Stars-PPSA08194-EUR-Game-v1.004.001-PS5;Bugsnax_PS5_Dump_v2.000;Dusk_Diver_2_01.000_PPSA06565
libSceAgcDriver,b949925VwHM,4,Afterimage-PPSA14053-EUR-Game-v01.000-PS5;Asterigos.Curse.of.The.Stars-PPSA08194-EUR-Game-v1.004.001-PS5;Bugsnax_PS5_Dump_v2.000;Dusk_Diver_2_01.000_PPSA06565
libfmodstudio,b949925VwHM,4,Afterimage-PPSA14053-EUR-Game-v01.000-PS5;Asterigos.Curse.of.The.Stars-PPSA08194-EUR-Game-v1.004.001-PS5;Bugsnax_PS5_Dump_v2.000;Dusk_Diver_2_01.000_PPSA06565
libSceAgcDriver,L51FfEMZa4o,4,Afterimage-PPSA14053-EUR-Game-v01.000-PS5;Asterigos.Curse.of.The.Stars-PPSA08194-EUR-Game-v1.004.001-PS5;Bugsnax_PS5_Dump_v2.000;Dusk_Diver_2_01.000_PPSA06565
libfmodstudio,L51FfEMZa4o,4,Afterimage-PPSA14053-EUR-Game-v01.000-PS5;Asterigos.Curse.of.The.Stars-PPSA08194-EUR-Game-v1.004.001-PS5;Bugsnax_PS5_Dump_v2.000;Dusk_Diver_2_01.000_PPSA06565
libSceAgcDriver,0+HgFkajHnk,4,Afterimage-PPSA14053-EUR-Game-v01.000-PS5;Asterigos.Curse.of.The.Stars-PPSA08194-EUR-Game-v1.004.001-PS5;Bugsnax_PS5_Dump_v2.000;Dusk_Diver_2_01.000_PPSA06565
libfmodstudio,0+HgFkajHnk,4,Afterimage-PPSA14053-EUR-Game-v01.000-PS5;Asterigos.Curse.of.The.Stars-PPSA08194-EUR-Game-v1.004.001-PS5;Bugsnax_PS5_Dump_v2.000;Dusk_Diver_2_01.000_PPSA06565
libSceAgcDriver,c4nJ9NGNhcA,4,Afterimage-PPSA14053-EUR-Game-v01.000-PS5;Asterigos.Curse.of.The.Stars-PPSA08194-EUR-Game-v1.004.001-PS5;Bugsnax_PS5_Dump_v2.000;Dusk_Diver_2_01.000_PPSA06565
libfmodstudio,c4nJ9NGNhcA,4,Afterimage-PPSA14053-EUR-Game-v01.000-PS5;Asterigos.Curse.of.The.Stars-PPSA08194-EUR-Game-v1.004.001-PS5;Bugsnax_PS5_Dump_v2.000;Dusk_Diver_2_01.000_PPSA06565
libSceAgcDriver,yjRnMhiv-KQ,4,Afterimage-PPSA14053-EUR-Game-v01.000-PS5;Asterigos.Curse.of.The.Stars-PPSA08194-EUR-Game-v1.004.001-PS5;Bugsnax_PS5_Dump_v2.000;Dusk_Diver_2_01.000_PPSA06565
libfmodstudio,yjRnMhiv-KQ,4,Afterimage-PPSA14053-EUR-Game-v01.000-PS5;Asterigos.Curse.of.The.Stars-PPSA08194-EUR-Game-v1.004.001-PS5;Bugsnax_PS5_Dump_v2.000;Dusk_Diver_2_01.000_PPSA06565
libSceAgcDriver,qDkZUgzj3Cs,4,Afterimage-PPSA14053-EUR-Game-v01.000-PS5;Asterigos.Curse.of.The.Stars-PPSA08194-EUR-Game-v1.004.001-PS5;Bugsnax_PS5_Dump_v2.000;Dusk_Diver_2_01.000_PPSA06565
libfmodstudio,qDkZUgzj3Cs,4,Afterimage-PPSA14053-EUR-Game-v01.000-PS5;Asterigos.Curse.of.The.Stars-PPSA08194-EUR-Game-v1.004.001-PS5;Bugsnax_PS5_Dump_v2.000;Dusk_Diver_2_01.000_PPSA06565
libSceAgcDriver,fEcGNRe4laE,4,Afterimage-PPSA14053-EUR-Game-v01.000-PS5;Asterigos.Curse.of.The.Stars-PPSA08194-EUR-Game-v1.004.001-PS5;Bugsnax_PS5_Dump_v2.000;Dusk_Diver_2_01.000_PPSA06565
libfmodstudio,fEcGNRe4laE,4,Afterimage-PPSA14053-EUR-Game-v01.000-PS5;Asterigos.Curse.of.The.Stars-PPSA08194-EUR-Game-v1.004.001-PS5;Bugsnax_PS5_Dump_v2.000;Dusk_Diver_2_01.000_PPSA06565
libSceAgcDriver,bBL9LOkN-Ng,4,Afterimage-PPSA14053-EUR-Game-v01.000-PS5;Asterigos.Curse.of.The.Stars-PPSA08194-EUR-Game-v1.004.001-PS5;Bugsnax_PS5_Dump_v2.000;Dusk_Diver_2_01.000_PPSA06565
libfmodstudio,bBL9LOkN-Ng,4,Afterimage-PPSA14053-EUR-Game-v01.000-PS5;Asterigos.Curse.of.The.Stars-PPSA08194-EUR-Game-v1.004.001-PS5;Bugsnax_PS5_Dump_v2.000;Dusk_Diver_2_01.000_PPSA06565
libSceAgcDriver,2Rb+xdt8XkU,4,Afterimage-PPSA14053-EUR-Game-v01.000-PS5;Asterigos.Curse.of.The.Stars-PPSA08194-EUR-Game-v1.004.001-PS5;Bugsnax_PS5_Dump_v2.000;Dusk_Diver_2_01.000_PPSA06565
libfmodstudio,2Rb+xdt8XkU,4,Afterimage-PPSA14053-EUR-Game-v01.000-PS5;Asterigos.Curse.of.The.Stars-PPSA08194-EUR-Game-v1.004.001-PS5;Bugsnax_PS5_Dump_v2.000;Dusk_Diver_2_01.000_PPSA06565
libSceAgcDriver,WP51b8simn8,4,Afterimage-PPSA14053-EUR-Game-v01.000-PS5;Asterigos.Curse.of.The.Stars-PPSA08194-EUR-Game-v1.004.001-PS5;Bugsnax_PS5_Dump_v2.000;Dusk_Diver_2_01.000_PPSA06565
libfmodstudio,WP51b8simn8,4,Afterimage-PPSA14053-EUR-Game-v01.000-PS5;Asterigos.Curse.of.The.Stars-PPSA08194-EUR-Game-v1.004.001-PS5;Bugsnax_PS5_Dump_v2.000;Dusk_Diver_2_01.000_PPSA06565
libSceAgcDriver,527zZ46M9IM,4,Afterimage-PPSA14053-EUR-Game-v01.000-PS5;Asterigos.Curse.of.The.Stars-PPSA08194-EUR-Game-v1.004.001-PS5;Bugsnax_PS5_Dump_v2.000;Dusk_Diver_2_01.000_PPSA06565
libfmodstudio,527zZ46M9IM,4,Afterimage-PPSA14053-EUR-Game-v01.000-PS5;Asterigos.Curse.of.The.Stars-PPSA08194-EUR-Game-v1.004.001-PS5;Bugsnax_PS5_Dump_v2.000;Dusk_Diver_2_01.000_PPSA06565
libSceAgcDriver,vhKuvcKcUPc,4,Afterimage-PPSA14053-EUR-Game-v01.000-PS5;Asterigos.Curse.of.The.Stars-PPSA08194-EUR-Game-v1.004.001-PS5;Bugsnax_PS5_Dump_v2.000;Dusk_Diver_2_01.000_PPSA06565
libfmodstudio,vhKuvcKcUPc,4,Afterimage-PPSA14053-EUR-Game-v01.000-PS5;Asterigos.Curse.of.The.Stars-PPSA08194-EUR-Game-v1.004.001-PS5;Bugsnax_PS5_Dump_v2.000;Dusk_Diver_2_01.000_PPSA06565
libSceAgcDriver,urqRW0vsBa4,4,Afterimage-PPSA14053-EUR-Game-v01.000-PS5;Asterigos.Curse.of.The.Stars-PPSA08194-EUR-Game-v1.004.001-PS5;Bugsnax_PS5_Dump_v2.000;Dusk_Diver_2_01.000_PPSA06565
libfmodstudio,urqRW0vsBa4,4,Afterimage-PPSA14053-EUR-Game-v01.000-PS5;Asterigos.Curse.of.The.Stars-PPSA08194-EUR-Game-v1.004.001-PS5;Bugsnax_PS5_Dump_v2.000;Dusk_Diver_2_01.000_PPSA06565
libSceAgcDriver,5QDnyU+SPxs,4,Afterimage-PPSA14053-EUR-Game-v01.000-PS5;Asterigos.Curse.of.The.Stars-PPSA08194-EUR-Game-v1.004.001-PS5;Bugsnax_PS5_Dump_v2.000;Dusk_Diver_2_01.000_PPSA06565
libfmodstudio,5QDnyU+SPxs,4,Afterimage-PPSA14053-EUR-Game-v01.000-PS5;Asterigos.Curse.of.The.Stars-PPSA08194-EUR-Game-v1.004.001-PS5;Bugsnax_PS5_Dump_v2.000;Dusk_Diver_2_01.000_PPSA06565
libSceAgcDriver,kFNJPXQw-zM,4,Afterimage-PPSA14053-EUR-Game-v01.000-PS5;Asterigos.Curse.of.The.Stars-PPSA08194-EUR-Game-v1.004.001-PS5;Bugsnax_PS5_Dump_v2.000;Dusk_Diver_2_01.000_PPSA06565
libfmodstudio,kFNJPXQw-zM,4,Afterimage-PPSA14053-EUR-Game-v01.000-PS5;Asterigos.Curse.of.The.Stars-PPSA08194-EUR-Game-v1.004.001-PS5;Bugsnax_PS5_Dump_v2.000;Dusk_Diver_2_01.000_PPSA06565
libSceAgcDriver,H+G1XQRDyWk,4,Afterimage-PPSA14053-EUR-Game-v01.000-PS5;Asterigos.Curse.of.The.Stars-PPSA08194-EUR-Game-v1.004.001-PS5;Bugsnax_PS5_Dump_v2.000;Dusk_Diver_2_01.000_PPSA06565
libfmodstudio,H+G1XQRDyWk,4,Afterimage-PPSA14053-EUR-Game-v01.000-PS5;Asterigos.Curse.of.The.Stars-PPSA08194-EUR-Game-v1.004.001-PS5;Bugsnax_PS5_Dump_v2.000;Dusk_Diver_2_01.000_PPSA06565
libSceAgcDriver,SPoYGtEslGY,4,Afterimage-PPSA14053-EUR-Game-v01.000-PS5;Asterigos.Curse.of.The.Stars-PPSA08194-EUR-Game-v1.004.001-PS5;Bugsnax_PS5_Dump_v2.000;Dusk_Diver_2_01.000_PPSA06565
libfmodstudio,SPoYGtEslGY,4,Afterimage-PPSA14053-EUR-Game-v01.000-PS5;Asterigos.Curse.of.The.Stars-PPSA08194-EUR-Game-v1.004.001-PS5;Bugsnax_PS5_Dump_v2.000;Dusk_Diver_2_01.000_PPSA06565
libSceAgcDriver,tG17NFv2mZ8,4,Afterimage-PPSA14053-EUR-Game-v01.000-PS5;Asterigos.Curse.of.The.Stars-PPSA08194-EUR-Game-v1.004.001-PS5;Bugsnax_PS5_Dump_v2.000;Dusk_Diver_2_01.000_PPSA06565
libfmodstudio,tG17NFv2mZ8,4,Afterimage-PPSA14053-EUR-Game-v01.000-PS5;Asterigos.Curse.of.The.Stars-PPSA08194-EUR-Game-v1.004.001-PS5;Bugsnax_PS5_Dump_v2.000;Dusk_Diver_2_01.000_PPSA06565
libSceAgcDriver,2QOSvz5hvAg,4,Afterimage-PPSA14053-EUR-Game-v01.000-PS5;Asterigos.Curse.of.The.Stars-PPSA08194-EUR-Game-v1.004.001-PS5;Bugsnax_PS5_Dump_v2.000;Dusk_Diver_2_01.000_PPSA06565
libfmodstudio,2QOSvz5hvAg,4,Afterimage-PPSA14053-EUR-Game-v01.000-PS5;Asterigos.Curse.of.The.Stars-PPSA08194-EUR-Game-v1.004.001-PS5;Bugsnax_PS5_Dump_v2.000;Dusk_Diver_2_01.000_PPSA06565
libSceAgcDriver,GqL992msUmo,4,Afterimage-PPSA14053-EUR-Game-v01.000-PS5;Asterigos.Curse.of.The.Stars-PPSA08194-EUR-Game-v1.004.001-PS5;Bugsnax_PS5_Dump_v2.000;Dusk_Diver_2_01.000_PPSA06565
libfmodstudio,GqL992msUmo,4,Afterimage-PPSA14053-EUR-Game-v01.000-PS5;Asterigos.Curse.of.The.Stars-PPSA08194-EUR-Game-v1.004.001-PS5;Bugsnax_PS5_Dump_v2.000;Dusk_Diver_2_01.000_PPSA06565
libSceAgcDriver,k57C+tslpho,4,Afterimage-PPSA14053-EUR-Game-v01.000-PS5;Asterigos.Curse.of.The.Stars-PPSA08194-EUR-Game-v1.004.001-PS5;Bugsnax_PS5_Dump_v2.000;Dusk_Diver_2_01.000_PPSA06565
libfmodstudio,k57C+tslpho,4,Afterimage-PPSA14053-EUR-Game-v01.000-PS5;Asterigos.Curse.of.The.Stars-PPSA08194-EUR-Game-v1.004.001-PS5;Bugsnax_PS5_Dump_v2.000;Dusk_Diver_2_01.000_PPSA06565
libSceAgcDriver,xaNK0ZTH3QA,4,Afterimage-PPSA14053-EUR-Game-v01.000-PS5;Asterigos.Curse.of.The.Stars-PPSA08194-EUR-Game-v1.004.001-PS5;Bugsnax_PS5_Dump_v2.000;Dusk_Diver_2_01.000_PPSA06565
libfmodstudio,xaNK0ZTH3QA,4,Afterimage-PPSA14053-EUR-Game-v01.000-PS5;Asterigos.Curse.of.The.Stars-PPSA08194-EUR-Game-v1.004.001-PS5;Bugsnax_PS5_Dump_v2.000;Dusk_Diver_2_01.000_PPSA06565
libSceAgcDriver,MjQ5oH6b620,4,Afterimage-PPSA14053-EUR-Game-v01.000-PS5;Asterigos.Curse.of.The.Stars-PPSA08194-EUR-Game-v1.004.001-PS5;Bugsnax_PS5_Dump_v2.000;Dusk_Diver_2_01.000_PPSA06565
libfmodstudio,MjQ5oH6b620,4,Afterimage-PPSA14053-EUR-Game-v01.000-PS5;Asterigos.Curse.of.The.Stars-PPSA08194-EUR-Game-v1.004.001-PS5;Bugsnax_PS5_Dump_v2.000;Dusk_Diver_2_01.000_PPSA06565
libSceAgcDriver,nhBPjhZ+VWs,4,Afterimage-PPSA14053-EUR-Game-v01.000-PS5;Asterigos.Curse.of.The.Stars-PPSA08194-EUR-Game-v1.004.001-PS5;Bugsnax_PS5_Dump_v2.000;Dusk_Diver_2_01.000_PPSA06565
libfmodstudio,nhBPjhZ+VWs,4,Afterimage-PPSA14053-EUR-Game-v01.000-PS5;Asterigos.Curse.of.The.Stars-PPSA08194-EUR-Game-v1.004.001-PS5;Bugsnax_PS5_Dump_v2.000;Dusk_Diver_2_01.000_PPSA06565
libSceAgcDriver,AdR01fo-WaM,3,Afterimage-PPSA14053-EUR-Game-v01.000-PS5;Asterigos.Curse.of.The.Stars-PPSA08194-EUR-Game-v1.004.001-PS5;Dusk_Diver_2_01.000_PPSA06565
libSceAgcDriver,zKjgSnqVqf4,3,Afterimage-PPSA14053-EUR-Game-v01.000-PS5;Asterigos.Curse.of.The.Stars-PPSA08194-EUR-Game-v1.004.001-PS5;Dusk_Diver_2_01.000_PPSA06565
libSceAgcDriver,cITO9UF6qbs,3,Afterimage-PPSA14053-EUR-Game-v01.000-PS5;Asterigos.Curse.of.The.Stars-PPSA08194-EUR-Game-v1.004.001-PS5;Dusk_Diver_2_01.000_PPSA06565
libSceAgcDriver,khSBLJTsUxE,3,Afterimage-PPSA14053-EUR-Game-v01.000-PS5;Asterigos.Curse.of.The.Stars-PPSA08194-EUR-Game-v1.004.001-PS5;Dusk_Diver_2_01.000_PPSA06565
libSceAgcDriver,dHVtNkoIoa4,3,Asterigos.Curse.of.The.Stars-PPSA08194-EUR-Game-v1.004.001-PS5;Bugsnax_PS5_Dump_v2.000;Dusk_Diver_2_01.000_PPSA06565
libfmodstudio,dHVtNkoIoa4,3,Asterigos.Curse.of.The.Stars-PPSA08194-EUR-Game-v1.004.001-PS5;Bugsnax_PS5_Dump_v2.000;Dusk_Diver_2_01.000_PPSA06565
libSceAgcDriver,4AQlc0jE9PQ,3,Afterimage-PPSA14053-EUR-Game-v01.000-PS5;Asterigos.Curse.of.The.Stars-PPSA08194-EUR-Game-v1.004.001-PS5;Dusk_Diver_2_01.000_PPSA06565
libSceAgcDriver,wJM7jKtToIs,3,Afterimage-PPSA14053-EUR-Game-v01.000-PS5;Asterigos.Curse.of.The.Stars-PPSA08194-EUR-Game-v1.004.001-PS5;Dusk_Diver_2_01.000_PPSA06565
libSceAgcDriver,mHhZZyzhOvw,3,Afterimage-PPSA14053-EUR-Game-v01.000-PS5;Asterigos.Curse.of.The.Stars-PPSA08194-EUR-Game-v1.004.001-PS5;Dusk_Diver_2_01.000_PPSA06565
libSceAgcDriver,DsFsPD0MWNc,3,Afterimage-PPSA14053-EUR-Game-v01.000-PS5;Asterigos.Curse.of.The.Stars-PPSA08194-EUR-Game-v1.004.001-PS5;Dusk_Diver_2_01.000_PPSA06565
libSceAgcDriver,H8AN0zYsJ-M,3,Afterimage-PPSA14053-EUR-Game-v01.000-PS5;Asterigos.Curse.of.The.Stars-PPSA08194-EUR-Game-v1.004.001-PS5;Dusk_Diver_2_01.000_PPSA06565
libSceAgcDriver,J-Oi-ac1EcU,3,Afterimage-PPSA14053-EUR-Game-v01.000-PS5;Asterigos.Curse.of.The.Stars-PPSA08194-EUR-Game-v1.004.001-PS5;Dusk_Diver_2_01.000_PPSA06565
libSceAgcDriver,-HTS6hB300E,3,Afterimage-PPSA14053-EUR-Game-v01.000-PS5;Asterigos.Curse.of.The.Stars-PPSA08194-EUR-Game-v1.004.001-PS5;Dusk_Diver_2_01.000_PPSA06565
libSceAgcDriver,yYh3lwMFxd8,3,Afterimage-PPSA14053-EUR-Game-v01.000-PS5;Asterigos.Curse.of.The.Stars-PPSA08194-EUR-Game-v1.004.001-PS5;Dusk_Diver_2_01.000_PPSA06565
libSceAgcDriver,zVxbiRlxmRk,3,Afterimage-PPSA14053-EUR-Game-v01.000-PS5;Asterigos.Curse.of.The.Stars-PPSA08194-EUR-Game-v1.004.001-PS5;Dusk_Diver_2_01.000_PPSA06565
libSceAgcDriver,dc1rk+VZdyo,3,Afterimage-PPSA14053-EUR-Game-v01.000-PS5;Asterigos.Curse.of.The.Stars-PPSA08194-EUR-Game-v1.004.001-PS5;Dusk_Diver_2_01.000_PPSA06565
libSceAgcDriver,Vyo4sShcggs,3,Afterimage-PPSA14053-EUR-Game-v01.000-PS5;Asterigos.Curse.of.The.Stars-PPSA08194-EUR-Game-v1.004.001-PS5;Dusk_Diver_2_01.000_PPSA06565
libSceAgcDriver,+8m0hqMZsqw,3,Afterimage-PPSA14053-EUR-Game-v01.000-PS5;Asterigos.Curse.of.The.Stars-PPSA08194-EUR-Game-v1.004.001-PS5;Dusk_Diver_2_01.000_PPSA06565
libSceAgcDriver,tPFAXasYRR4,3,Afterimage-PPSA14053-EUR-Game-v01.000-PS5;Asterigos.Curse.of.The.Stars-PPSA08194-EUR-Game-v1.004.001-PS5;Dusk_Diver_2_01.000_PPSA06565
libSceAgcDriver,8N9h2itN+Y4,3,Afterimage-PPSA14053-EUR-Game-v01.000-PS5;Asterigos.Curse.of.The.Stars-PPSA08194-EUR-Game-v1.004.001-PS5;Dusk_Diver_2_01.000_PPSA06565
libSceAgcDriver,cIv243UhfFs,3,Afterimage-PPSA14053-EUR-Game-v01.000-PS5;Asterigos.Curse.of.The.Stars-PPSA08194-EUR-Game-v1.004.001-PS5;Dusk_Diver_2_01.000_PPSA06565
libSceAgcDriver,3loRRCoqXfU,3,Afterimage-PPSA14053-EUR-Game-v01.000-PS5;Asterigos.Curse.of.The.Stars-PPSA08194-EUR-Game-v1.004.001-PS5;Dusk_Diver_2_01.000_PPSA06565
libSceAgcDriver,zE+zCB1FUOs,3,Afterimage-PPSA14053-EUR-Game-v01.000-PS5;Asterigos.Curse.of.The.Stars-PPSA08194-EUR-Game-v1.004.001-PS5;Dusk_Diver_2_01.000_PPSA06565
libSceAgcDriver,8ABCdDIqXJs,3,Afterimage-PPSA14053-EUR-Game-v01.000-PS5;Asterigos.Curse.of.The.Stars-PPSA08194-EUR-Game-v1.004.001-PS5;Dusk_Diver_2_01.000_PPSA06565
libSceAgcDriver,SCvUImM+5zk,3,Afterimage-PPSA14053-EUR-Game-v01.000-PS5;Asterigos.Curse.of.The.Stars-PPSA08194-EUR-Game-v1.004.001-PS5;Dusk_Diver_2_01.000_PPSA06565
libSceAgcDriver,Ma4ynrNRJGw,3,Afterimage-PPSA14053-EUR-Game-v01.000-PS5;Asterigos.Curse.of.The.Stars-PPSA08194-EUR-Game-v1.004.001-PS5;Dusk_Diver_2_01.000_PPSA06565
libSceAgcDriver,DlcM6wdwWJc,3,Afterimage-PPSA14053-EUR-Game-v01.000-PS5;Asterigos.Curse.of.The.Stars-PPSA08194-EUR-Game-v1.004.001-PS5;Dusk_Diver_2_01.000_PPSA06565
libSceAgcDriver,o2hcK6F8Ih4,3,Afterimage-PPSA14053-EUR-Game-v01.000-PS5;Asterigos.Curse.of.The.Stars-PPSA08194-EUR-Game-v1.004.001-PS5;Dusk_Diver_2_01.000_PPSA06565
libSceAgcDriver,iujfeL+h0RI,3,Afterimage-PPSA14053-EUR-Game-v01.000-PS5;Asterigos.Curse.of.The.Stars-PPSA08194-EUR-Game-v1.004.001-PS5;Dusk_Diver_2_01.000_PPSA06565
libSceAgcDriver,EZMhRCBn3dU,3,Afterimage-PPSA14053-EUR-Game-v01.000-PS5;Asterigos.Curse.of.The.Stars-PPSA08194-EUR-Game-v1.004.001-PS5;Dusk_Diver_2_01.000_PPSA06565
libSceAgcDriver,omDBr+dcDVc,3,Afterimage-PPSA14053-EUR-Game-v01.000-PS5;Asterigos.Curse.of.The.Stars-PPSA08194-EUR-Game-v1.004.001-PS5;Dusk_Diver_2_01.000_PPSA06565
libSceAgcDriver,PoA8NrRlUrw,3,Afterimage-PPSA14053-EUR-Game-v01.000-PS5;Asterigos.Curse.of.The.Stars-PPSA08194-EUR-Game-v1.004.001-PS5;Dusk_Diver_2_01.000_PPSA06565
libSceAgcDriver,s1UHlyHU3rI,3,Afterimage-PPSA14053-EUR-Game-v01.000-PS5;Asterigos.Curse.of.The.Stars-PPSA08194-EUR-Game-v1.004.001-PS5;Dusk_Diver_2_01.000_PPSA06565
libSceAgcDriver,6nWYF1yMOl4,3,Afterimage-PPSA14053-EUR-Game-v01.000-PS5;Asterigos.Curse.of.The.Stars-PPSA08194-EUR-Game-v1.004.001-PS5;Dusk_Diver_2_01.000_PPSA06565
libSceAgcDriver,giT9raPeA9Y,3,Afterimage-PPSA14053-EUR-Game-v01.000-PS5;Asterigos.Curse.of.The.Stars-PPSA08194-EUR-Game-v1.004.001-PS5;Dusk_Diver_2_01.000_PPSA06565
libSceAgcDriver,zdsupMypfMU,3,Afterimage-PPSA14053-EUR-Game-v01.000-PS5;Asterigos.Curse.of.The.Stars-PPSA08194-EUR-Game-v1.004.001-PS5;Dusk_Diver_2_01.000_PPSA06565
libSceAgcDriver,ERN4ES-D2x8,3,Afterimage-PPSA14053-EUR-Game-v01.000-PS5;Asterigos.Curse.of.The.Stars-PPSA08194-EUR-Game-v1.004.001-PS5;Dusk_Diver_2_01.000_PPSA06565
libSceAgcDriver,BgCoL-FZz0Y,3,Afterimage-PPSA14053-EUR-Game-v01.000-PS5;Asterigos.Curse.of.The.Stars-PPSA08194-EUR-Game-v1.004.001-PS5;Dusk_Diver_2_01.000_PPSA06565
libSceAgcDriver,VS1Vg5yOLH0,3,Afterimage-PPSA14053-EUR-Game-v01.000-PS5;Asterigos.Curse.of.The.Stars-PPSA08194-EUR-Game-v1.004.001-PS5;Dusk_Diver_2_01.000_PPSA06565
libSceAgcDriver,y6Uo7jDXvhA,3,Afterimage-PPSA14053-EUR-Game-v01.000-PS5;Asterigos.Curse.of.The.Stars-PPSA08194-EUR-Game-v1.004.001-PS5;Dusk_Diver_2_01.000_PPSA06565
libSceAgcDriver,-7VafNNns2A,3,Afterimage-PPSA14053-EUR-Game-v01.000-PS5;Asterigos.Curse.of.The.Stars-PPSA08194-EUR-Game-v1.004.001-PS5;Dusk_Diver_2_01.000_PPSA06565
libSceAgcDriver,NDMQ5Z8QdWQ,3,Afterimage-PPSA14053-EUR-Game-v01.000-PS5;Asterigos.Curse.of.The.Stars-PPSA08194-EUR-Game-v1.004.001-PS5;Dusk_Diver_2_01.000_PPSA06565
libSceAgcDriver,vgT4A7VrTtE,3,Afterimage-PPSA14053-EUR-Game-v01.000-PS5;Asterigos.Curse.of.The.Stars-PPSA08194-EUR-Game-v1.004.001-PS5;Dusk_Diver_2_01.000_PPSA06565
libSceAgcDriver,OBfS6KLrjYA,3,Afterimage-PPSA14053-EUR-Game-v01.000-PS5;Asterigos.Curse.of.The.Stars-PPSA08194-EUR-Game-v1.004.001-PS5;Dusk_Diver_2_01.000_PPSA06565
libSceAgcDriver,LG53EJZJDnA,3,Afterimage-PPSA14053-EUR-Game-v01.000-PS5;Asterigos.Curse.of.The.Stars-PPSA08194-EUR-Game-v1.004.001-PS5;Dusk_Diver_2_01.000_PPSA06565
libSceAgcDriver,A1mb1i8hsRw,3,Afterimage-PPSA14053-EUR-Game-v01.000-PS5;Asterigos.Curse.of.The.Stars-PPSA08194-EUR-Game-v1.004.001-PS5;Dusk_Diver_2_01.000_PPSA06565
libSceAgcDriver,RcRmUkp-AOo,3,Afterimage-PPSA14053-EUR-Game-v01.000-PS5;Asterigos.Curse.of.The.Stars-PPSA08194-EUR-Game-v1.004.001-PS5;Dusk_Diver_2_01.000_PPSA06565
libSceAgcDriver,f3SCKie2gZM,3,Afterimage-PPSA14053-EUR-Game-v01.000-PS5;Asterigos.Curse.of.The.Stars-PPSA08194-EUR-Game-v1.004.001-PS5;Dusk_Diver_2_01.000_PPSA06565
libSceAgcDriver,TK8-OMvveV8,3,Afterimage-PPSA14053-EUR-Game-v01.000-PS5;Asterigos.Curse.of.The.Stars-PPSA08194-EUR-Game-v1.004.001-PS5;Dusk_Diver_2_01.000_PPSA06565
libSceAgcDriver,d-I6Z20jeYo,3,Afterimage-PPSA14053-EUR-Game-v01.000-PS5;Asterigos.Curse.of.The.Stars-PPSA08194-EUR-Game-v1.004.001-PS5;Dusk_Diver_2_01.000_PPSA06565
libSceAgcDriver,5Y5pSdsEdMg,3,Afterimage-PPSA14053-EUR-Game-v01.000-PS5;Asterigos.Curse.of.The.Stars-PPSA08194-EUR-Game-v1.004.001-PS5;Dusk_Diver_2_01.000_PPSA06565
libSceAgcDriver,Y36Y21dnKtc,3,Afterimage-PPSA14053-EUR-Game-v01.000-PS5;Asterigos.Curse.of.The.Stars-PPSA08194-EUR-Game-v1.004.001-PS5;Dusk_Diver_2_01.000_PPSA06565
libSceAgcDriver,amVp+qf6SDk,3,Afterimage-PPSA14053-EUR-Game-v01.000-PS5;Asterigos.Curse.of.The.Stars-PPSA08194-EUR-Game-v1.004.001-PS5;Dusk_Diver_2_01.000_PPSA06565
libSceAgcDriver,N+wyls17Mjo,3,Afterimage-PPSA14053-EUR-Game-v01.000-PS5;Asterigos.Curse.of.The.Stars-PPSA08194-EUR-Game-v1.004.001-PS5;Dusk_Diver_2_01.000_PPSA06565
libSceAgcDriver,MPBXfoxd+eo,3,Afterimage-PPSA14053-EUR-Game-v01.000-PS5;Asterigos.Curse.of.The.Stars-PPSA08194-EUR-Game-v1.004.001-PS5;Dusk_Diver_2_01.000_PPSA06565
libSceAgcDriver,NC7NmKVz61g,2,Afterimage-PPSA14053-EUR-Game-v01.000-PS5;Dusk_Diver_2_01.000_PPSA06565
libSceAgcDriver,xFZxMognttU,2,Asterigos.Curse.of.The.Stars-PPSA08194-EUR-Game-v1.004.001-PS5;Bugsnax_PS5_Dump_v2.000
libfmodstudio,xFZxMognttU,2,Asterigos.Curse.of.The.Stars-PPSA08194-EUR-Game-v1.004.001-PS5;Bugsnax_PS5_Dump_v2.000
libSceAgcDriver,y2ybsIQ073A,2,Afterimage-PPSA14053-EUR-Game-v01.000-PS5;Bugsnax_PS5_Dump_v2.000
libfmodstudio,y2ybsIQ073A,2,Afterimage-PPSA14053-EUR-Game-v01.000-PS5;Bugsnax_PS5_Dump_v2.000
libSceAgcDriver,yNPSb1Gx4LE,2,Bugsnax_PS5_Dump_v2.000;Dusk_Diver_2_01.000_PPSA06565
libfmodstudio,yNPSb1Gx4LE,2,Bugsnax_PS5_Dump_v2.000;Dusk_Diver_2_01.000_PPSA06565
libSceAgcDriver,+So6CdPGoWw,2,Asterigos.Curse.of.The.Stars-PPSA08194-EUR-Game-v1.004.001-PS5;Bugsnax_PS5_Dump_v2.000
libfmodstudio,+So6CdPGoWw,2,Asterigos.Curse.of.The.Stars-PPSA08194-EUR-Game-v1.004.001-PS5;Bugsnax_PS5_Dump_v2.000
libSceAgcDriver,sRU2qSZyqVk,2,Asterigos.Curse.of.The.Stars-PPSA08194-EUR-Game-v1.004.001-PS5;Bugsnax_PS5_Dump_v2.000
libfmodstudio,sRU2qSZyqVk,2,Asterigos.Curse.of.The.Stars-PPSA08194-EUR-Game-v1.004.001-PS5;Bugsnax_PS5_Dump_v2.000
libSceAgcDriver,L7dxMcJ-2Gc,2,Bugsnax_PS5_Dump_v2.000;Dusk_Diver_2_01.000_PPSA06565
libfmodstudio,L7dxMcJ-2Gc,2,Bugsnax_PS5_Dump_v2.000;Dusk_Diver_2_01.000_PPSA06565
libSceAgcDriver,6NIqae6zQt4,2,Afterimage-PPSA14053-EUR-Game-v01.000-PS5;Dusk_Diver_2_01.000_PPSA06565
libSceAgcDriver,2ZWj71IMUk0,1,Asterigos.Curse.of.The.Stars-PPSA08194-EUR-Game-v1.004.001-PS5
libSceAgcDriver,Fdq01lyJj0M,1,Asterigos.Curse.of.The.Stars-PPSA08194-EUR-Game-v1.004.001-PS5
libSceAgcDriver,z78kWio3sas,1,Asterigos.Curse.of.The.Stars-PPSA08194-EUR-Game-v1.004.001-PS5
libSceAgcDriver,Bv++RljHBj8,1,Asterigos.Curse.of.The.Stars-PPSA08194-EUR-Game-v1.004.001-PS5
libSceAgcDriver,YXe6ABbHZPs,1,Asterigos.Curse.of.The.Stars-PPSA08194-EUR-Game-v1.004.001-PS5
libSceAgcDriver,CFJj4SL3E6M,1,Asterigos.Curse.of.The.Stars-PPSA08194-EUR-Game-v1.004.001-PS5
libfmodstudio,HccLYOWCuVM,1,Bugsnax_PS5_Dump_v2.000
libSceUserService,LibwuIonIBw,1,Mega.Man.Star.Force.Legacy.Collection-PPSA32239-JPN-Game__v01.001_-PS5
libSceAgcDriver,w8y7S3banO4,1,Asterigos.Curse.of.The.Stars-PPSA08194-EUR-Game-v1.004.001-PS5
libSceAgcDriver,Ms8ZkUZx18I,1,Asterigos.Curse.of.The.Stars-PPSA08194-EUR-Game-v1.004.001-PS5
libSceAgcDriver,5Ysce+s-CWU,1,Asterigos.Curse.of.The.Stars-PPSA08194-EUR-Game-v1.004.001-PS5
libSceAgcDriver,cBqjb8eBPi8,1,Asterigos.Curse.of.The.Stars-PPSA08194-EUR-Game-v1.004.001-PS5
libSceAgcDriver,L0s4ByRX+RU,1,Asterigos.Curse.of.The.Stars-PPSA08194-EUR-Game-v1.004.001-PS5
libSceAgcDriver,7nxmQiJW2Js,1,Asterigos.Curse.of.The.Stars-PPSA08194-EUR-Game-v1.004.001-PS5
libSceAgcDriver,mjDE4DOk8hs,1,Asterigos.Curse.of.The.Stars-PPSA08194-EUR-Game-v1.004.001-PS5
libSceAgcDriver,GeKfAT07sDo,1,Asterigos.Curse.of.The.Stars-PPSA08194-EUR-Game-v1.004.001-PS5
libfmodstudio,l3CBbF47D4o,1,Bugsnax_PS5_Dump_v2.000
libSceAgcDriver,D79MT0gui+4,1,Asterigos.Curse.of.The.Stars-PPSA08194-EUR-Game-v1.004.001-PS5
libSceAgcDriver,OccHN8ZAeeQ,1,Asterigos.Curse.of.The.Stars-PPSA08194-EUR-Game-v1.004.001-PS5
libSceAgcDriver,aplSBGhDRFw,1,Asterigos.Curse.of.The.Stars-PPSA08194-EUR-Game-v1.004.001-PS5
libSceAgcDriver,wccix0j2NCo,1,Asterigos.Curse.of.The.Stars-PPSA08194-EUR-Game-v1.004.001-PS5
libSceAgcDriver,fZiBbVa2ZDU,1,Asterigos.Curse.of.The.Stars-PPSA08194-EUR-Game-v1.004.001-PS5
libfmodstudio,ihNVT4djxtM,1,Bugsnax_PS5_Dump_v2.000
libfmodstudio,TLzwr4Uy37g,1,Bugsnax_PS5_Dump_v2.000
libfmodstudio,FJdpGGMFv9w,1,Bugsnax_PS5_Dump_v2.000
libfmodstudio,Lq1Q7TqB1vw,1,Bugsnax_PS5_Dump_v2.000
libSceAgcDriver,RmRxmDnkZ9s,1,Afterimage-PPSA14053-EUR-Game-v01.000-PS5
libSceAgcDriver,lU8CaNia7Lg,1,Asterigos.Curse.of.The.Stars-PPSA08194-EUR-Game-v1.004.001-PS5
libfmodstudio,vVupb6lqml0,1,Bugsnax_PS5_Dump_v2.000
libSceAgcDriver,8vZUZ20YjfU,1,Asterigos.Curse.of.The.Stars-PPSA08194-EUR-Game-v1.004.001-PS5
libSceAgcDriver,dfPK9R6M0qM,1,Asterigos.Curse.of.The.Stars-PPSA08194-EUR-Game-v1.004.001-PS5
libSceAgcDriver,aNAHqE5cbIY,1,Asterigos.Curse.of.The.Stars-PPSA08194-EUR-Game-v1.004.001-PS5
libfmodstudio,uoDN52qMEyQ,1,Bugsnax_PS5_Dump_v2.000
libfmodstudio,uWXqw4LeM5Q,1,Bugsnax_PS5_Dump_v2.000
libSceAgcDriver,iqaFZ-RLY4E,1,Asterigos.Curse.of.The.Stars-PPSA08194-EUR-Game-v1.004.001-PS5
libSceAgcDriver,9cg1zkA48rg,1,Asterigos.Curse.of.The.Stars-PPSA08194-EUR-Game-v1.004.001-PS5
libfmodstudio,6E6MUTGjxhI,1,Bugsnax_PS5_Dump_v2.000
libfmodstudio,YRC81VNoDQk,1,Bugsnax_PS5_Dump_v2.000
libSceAgcDriver,+9LkZlUeYEg,1,Asterigos.Curse.of.The.Stars-PPSA08194-EUR-Game-v1.004.001-PS5
libSceAgcDriver,Cm2cmtCv8cA,1,Asterigos.Curse.of.The.Stars-PPSA08194-EUR-Game-v1.004.001-PS5
libfmodstudio,Ou4LHokCK2k,1,Bugsnax_PS5_Dump_v2.000
libfmodstudio,j2tWhrml6vQ,1,Bugsnax_PS5_Dump_v2.000
libSceAgcDriver,+vckMgP13aE,1,Asterigos.Curse.of.The.Stars-PPSA08194-EUR-Game-v1.004.001-PS5
libSceAgcDriver,10tStWjcWSQ,1,Asterigos.Curse.of.The.Stars-PPSA08194-EUR-Game-v1.004.001-PS5
libSceUserService,gWT7X8H0bYs,1,Mega.Man.Star.Force.Legacy.Collection-PPSA32239-JPN-Game__v01.001_-PS5
libSceAgcDriver,89ZjvyIhobo,1,Asterigos.Curse.of.The.Stars-PPSA08194-EUR-Game-v1.004.001-PS5
libSceAgcDriver,LoHhsrH0C5c,1,Asterigos.Curse.of.The.Stars-PPSA08194-EUR-Game-v1.004.001-PS5
libfmodstudio,aLwhiAtjRsE,1,Bugsnax_PS5_Dump_v2.000
libfmodstudio,T11Rlk4THVg,1,Bugsnax_PS5_Dump_v2.000
libfmodstudio,nUAnu9FIGLU,1,Bugsnax_PS5_Dump_v2.000
libSceAgcDriver,tZJlqyRA-44,1,Asterigos.Curse.of.The.Stars-PPSA08194-EUR-Game-v1.004.001-PS5
libSceAgcDriver,YemJWcQ8k2o,1,Asterigos.Curse.of.The.Stars-PPSA08194-EUR-Game-v1.004.001-PS5
libSceAgcDriver,2WX+-Y1+Dcc,1,Asterigos.Curse.of.The.Stars-PPSA08194-EUR-Game-v1.004.001-PS5
libSceAgcDriver,idhb8B-l-8A,1,Asterigos.Curse.of.The.Stars-PPSA08194-EUR-Game-v1.004.001-PS5
libSceAgcDriver,2EI0H1c4pLA,1,Asterigos.Curse.of.The.Stars-PPSA08194-EUR-Game-v1.004.001-PS5
libSceAgcDriver,0zVeZ0oy6ZQ,1,Asterigos.Curse.of.The.Stars-PPSA08194-EUR-Game-v1.004.001-PS5
libSceAgcDriver,ZKfSSJQk3H0,1,Asterigos.Curse.of.The.Stars-PPSA08194-EUR-Game-v1.004.001-PS5
libSceAgcDriver,4yMHGnC0X3A,1,Asterigos.Curse.of.The.Stars-PPSA08194-EUR-Game-v1.004.001-PS5
libSceAgcDriver,cVUy74Zc6t8,1,Asterigos.Curse.of.The.Stars-PPSA08194-EUR-Game-v1.004.001-PS5
libSceAgcDriver,BYrcH+G7fVM,1,Asterigos.Curse.of.The.Stars-PPSA08194-EUR-Game-v1.004.001-PS5
libSceAgcDriver,5+JjnXLeSIo,1,Asterigos.Curse.of.The.Stars-PPSA08194-EUR-Game-v1.004.001-PS5
libSceAgcDriver,GZp+9L3JUn0,1,Asterigos.Curse.of.The.Stars-PPSA08194-EUR-Game-v1.004.001-PS5
libSceAgcDriver,tG86XGc2VtE,1,Asterigos.Curse.of.The.Stars-PPSA08194-EUR-Game-v1.004.001-PS5
libfmodstudio,0kASdf6u3nQ,1,Bugsnax_PS5_Dump_v2.000
libfmodstudio,Bu8uFP7ME2k,1,Bugsnax_PS5_Dump_v2.000
libfmodstudio,R6X5MxO-U50,1,Bugsnax_PS5_Dump_v2.000
libfmodstudio,UFG9YEjxcgk,1,Bugsnax_PS5_Dump_v2.000
libfmodstudio,X5j6Mr8a2Pk,1,Bugsnax_PS5_Dump_v2.000
libfmodstudio,BEUeVfn2zfA,1,Bugsnax_PS5_Dump_v2.000
libSceUserService,-q-vbO859Tw,1,Mega.Man.Star.Force.Legacy.Collection-PPSA32239-JPN-Game__v01.001_-PS5
libSceAgcDriver,AMBfBMXCLhs,1,Asterigos.Curse.of.The.Stars-PPSA08194-EUR-Game-v1.004.001-PS5
libfmodstudio,714y+rWMyhA,1,Bugsnax_PS5_Dump_v2.000
libfmodstudio,65WU0PMnF24,1,Bugsnax_PS5_Dump_v2.000
libfmodstudio,QOW4WYUMJK0,1,Bugsnax_PS5_Dump_v2.000
libSceAgcDriver,834oDD6Db+8,1,Asterigos.Curse.of.The.Stars-PPSA08194-EUR-Game-v1.004.001-PS5
libSceAgcDriver,brQlMMQqan0,1,Asterigos.Curse.of.The.Stars-PPSA08194-EUR-Game-v1.004.001-PS5
libSceUserService,kP2L8t3j-aM,1,Mega.Man.Star.Force.Legacy.Collection-PPSA32239-JPN-Game__v01.001_-PS5
libSceAgcDriver,ZvvJG-s1yKo,1,Asterigos.Curse.of.The.Stars-PPSA08194-EUR-Game-v1.004.001-PS5
libSceAgcDriver,+jUcaWTZIR0,1,Asterigos.Curse.of.The.Stars-PPSA08194-EUR-Game-v1.004.001-PS5
libSceAgcDriver,ZY9oXjWFBrs,1,Asterigos.Curse.of.The.Stars-PPSA08194-EUR-Game-v1.004.001-PS5
libSceAgcDriver,+qYvlz27LLI,1,Asterigos.Curse.of.The.Stars-PPSA08194-EUR-Game-v1.004.001-PS5
libSceAgcDriver,vzeuqOyUf2E,1,Asterigos.Curse.of.The.Stars-PPSA08194-EUR-Game-v1.004.001-PS5
libSceAgcDriver,E+VYAc3btSA,1,Asterigos.Curse.of.The.Stars-PPSA08194-EUR-Game-v1.004.001-PS5
